{
    "run0": {
        "losses": [
            -65.71420288085938,
            NaN,
            NaN,
            NaN,
            NaN,
            NaN,
            NaN,
            NaN,
            NaN,
            NaN
        ],
        "uptime": 1.4481170177459717
    },
    "run1": {
        "losses": [
            -45.5441780090332,
            -40.74542236328125,
            -40.801414489746094,
            -40.8869514465332,
            -40.73452377319336,
            -40.88400650024414,
            -40.85777282714844,
            -40.78215408325195,
            -40.76736068725586,
            -40.82173538208008
        ],
        "uptime": 1.4266672134399414
    },
    "run2": {
        "losses": [
            -66.14527893066406,
            -66.12031555175781,
            -66.1253662109375,
            -66.11876678466797,
            -66.112548828125,
            -66.12061309814453,
            -66.13078308105469,
            -66.10448455810547,
            -66.12023162841797,
            -66.12065124511719
        ],
        "uptime": 1.313992977142334
    },
    "run3": {
        "losses": [
            -77.22655487060547,
            -66.10418701171875,
            -66.0895004272461,
            -66.10436248779297,
            -66.12300872802734,
            -66.10737609863281,
            -66.11654663085938,
            -66.10687255859375,
            -66.09822082519531,
            -66.09832763671875
        ],
        "uptime": 1.5110459327697754
    },
    "run4": {
        "losses": [
            -43.602664947509766,
            -40.913658142089844,
            -40.80128479003906,
            -40.76350021362305,
            -40.77833938598633,
            -40.82379913330078,
            -40.810890197753906,
            -40.801849365234375,
            -40.876277923583984,
            -40.96767044067383
        ],
        "uptime": 1.5706942081451416
    }
}